horizon,feature,MI_score,MI_rank,MI_runtime_seconds
28,rolling_mean_14,0.343569859233134,1,278.0109689235687
28,rolling_mean_28,0.340969259112037,2,278.0109689235687
28,rolling_mean_7,0.3335943194736206,3,278.0109689235687
28,lag_7,0.27195472129243914,4,278.0109689235687
28,lag_1,0.26913061153471585,5,278.0109689235687
28,lag_14,0.25013484597952207,6,278.0109689235687
28,rolling_std_28,0.23448522306392405,7,278.0109689235687
28,rolling_std_14,0.22854698167754073,8,278.0109689235687
28,lag_28,0.22703212893682778,9,278.0109689235687
28,rolling_std_7,0.21100082711205026,10,278.0109689235687
28,price_rolling_mean_28,0.16580263694568131,11,278.0109689235687
28,sell_price,0.16296033239313878,12,278.0109689235687
28,price_lag_7,0.16256641285166484,13,278.0109689235687
28,item_id_FOODS_3_586,0.02585143001912371,14,278.0109689235687
28,item_id_FOODS_3_090,0.025194426221204935,15,278.0109689235687
28,cat_id_FOODS,0.022551150199979553,16,278.0109689235687
28,dept_id_FOODS_3,0.02004636454594344,17,278.0109689235687
28,year,0.017540590440747295,18,278.0109689235687
28,dept_id_HOBBIES_1,0.015763070199542817,19,278.0109689235687
28,dayofweek,0.015631194600929987,20,278.0109689235687
28,dow_sin,0.01562452491837174,21,278.0109689235687
28,wday,0.014204915102263627,22,278.0109689235687
28,is_weekend,0.01347439453893795,23,278.0109689235687
28,item_id_FOODS_3_252,0.013201677560763514,24,278.0109689235687
28,cat_id_HOBBIES,0.012908210620550697,25,278.0109689235687
28,item_id_FOODS_3_694,0.012362412963374148,26,278.0109689235687
28,item_id_FOODS_3_555,0.011622046472323788,27,278.0109689235687
28,item_id_FOODS_3_714,0.009628682986256187,28,278.0109689235687
28,weekofyear,0.009299231384529705,29,278.0109689235687
28,cat_id_HOUSEHOLD,0.00790505469054903,30,278.0109689235687
28,price_rolling_std_28,0.007098010394614107,31,278.0109689235687
28,item_id_FOODS_3_377,0.006848498186598384,32,278.0109689235687
28,dept_id_HOUSEHOLD_1,0.006838171792155734,33,278.0109689235687
28,item_id_FOODS_3_080,0.005903819518344733,34,278.0109689235687
28,store_id_WI_1,0.0058356185297050445,35,278.0109689235687
28,item_id_FOODS_3_202,0.005794585309793376,36,278.0109689235687
28,item_id_FOODS_3_120,0.005732722134488277,37,278.0109689235687
28,item_id_FOODS_3_362,0.005660184540328572,38,278.0109689235687
28,state_id_WI,0.005295480539617259,39,278.0109689235687
28,item_id_FOODS_3_282,0.0046830853450234855,40,278.0109689235687
28,item_id_HOBBIES_1_278,0.004479796860628049,41,278.0109689235687
28,month,0.004375576627134059,42,278.0109689235687
28,item_id_HOUSEHOLD_1_110,0.004316538524483882,43,278.0109689235687
28,item_id_FOODS_3_668,0.004107989856209748,44,278.0109689235687
28,item_id_FOODS_3_587,0.003990588380914595,45,278.0109689235687
28,item_id_FOODS_3_219,0.003931234942363915,46,278.0109689235687
28,state_id_CA,0.003774808136514096,47,278.0109689235687
28,month_cos,0.003683763673736351,48,278.0109689235687
28,item_id_FOODS_3_412,0.0034123167215573957,49,278.0109689235687
28,price_change_7,0.0032287864776057162,50,278.0109689235687
28,item_id_FOODS_3_295,0.0030424917722955414,51,278.0109689235687
28,item_id_HOUSEHOLD_1_439,0.0030084442001729883,52,278.0109689235687
28,item_id_HOUSEHOLD_1_334,0.0029524862703311783,53,278.0109689235687
28,quarter,0.0029492654960074915,54,278.0109689235687
28,item_id_FOODS_3_752,0.002927290865041954,55,278.0109689235687
28,item_id_FOODS_3_376,0.002752341411118131,56,278.0109689235687
28,item_id_FOODS_3_042,0.002687553907104956,57,278.0109689235687
28,item_id_FOODS_3_226,0.0025902334874556843,58,278.0109689235687
28,item_id_HOUSEHOLD_1_179,0.0025094798200315793,59,278.0109689235687
28,item_id_FOODS_3_811,0.0024720973264509283,60,278.0109689235687
28,item_id_FOODS_3_607,0.002455880875326777,61,278.0109689235687
28,item_id_FOODS_3_030,0.002407346131886534,62,278.0109689235687
28,item_id_FOODS_3_635,0.0021677114619018667,63,278.0109689235687
28,dow_cos,0.0021413249172494986,64,278.0109689235687
28,item_id_FOODS_3_764,0.0021303272622352765,65,278.0109689235687
28,item_id_FOODS_3_499,0.002071793315951531,66,278.0109689235687
28,item_id_FOODS_3_711,0.002056891260128424,67,278.0109689235687
28,store_id_CA_1,0.002033682299282802,68,278.0109689235687
28,item_id_HOUSEHOLD_1_327,0.001970344515104472,69,278.0109689235687
28,item_id_FOODS_3_329,0.0019235067133536177,70,278.0109689235687
28,item_id_FOODS_3_281,0.0018630142554592055,71,278.0109689235687
28,item_id_FOODS_3_739,0.001850132867333265,72,278.0109689235687
28,item_id_FOODS_3_808,0.0017696466533614341,73,278.0109689235687
28,item_id_FOODS_3_462,0.0017565035368072301,74,278.0109689235687
28,item_id_FOODS_3_744,0.001755203344973033,75,278.0109689235687
28,item_id_FOODS_3_406,0.0017462520851792007,76,278.0109689235687
28,item_id_FOODS_3_491,0.0016668030781055165,77,278.0109689235687
28,item_id_FOODS_3_288,0.0016481705247173295,78,278.0109689235687
28,item_id_FOODS_3_785,0.001637429491306186,79,278.0109689235687
28,event_type_1_NoEvent,0.0016001257534545843,80,278.0109689235687
28,item_id_FOODS_3_351,0.0015922974994033723,81,278.0109689235687
28,item_id_FOODS_3_086,0.0015803536465757162,82,278.0109689235687
28,item_id_HOBBIES_1_348,0.0014998094413867236,83,278.0109689235687
28,store_id_TX_1,0.0014471736214929365,84,278.0109689235687
28,item_id_HOUSEHOLD_1_459,0.001374258207000878,85,278.0109689235687
28,item_id_HOBBIES_1_008,0.0013698757655227212,86,278.0109689235687
28,item_id_HOBBIES_1_341,0.0013170077654507395,87,278.0109689235687
28,item_id_FOODS_3_404,0.0012689649308974538,88,278.0109689235687
28,state_id_TX,0.001191699459536899,89,278.0109689235687
28,event_type_2_Religious,0.0011745155707076904,90,278.0109689235687
28,month_sin,0.0009886337867701656,91,278.0109689235687
28,item_id_FOODS_3_541,0.0009470437413208188,92,278.0109689235687
28,event_type_1_Cultural,0.0008498814930897325,93,278.0109689235687
28,item_id_FOODS_3_755,0.0007568886773201555,94,278.0109689235687
28,item_id_FOODS_3_741,0.0007179270475328181,95,278.0109689235687
28,item_id_FOODS_3_800,0.0006937703737373013,96,278.0109689235687
28,item_id_HOUSEHOLD_1_277,0.0006712619573772116,97,278.0109689235687
28,item_id_HOUSEHOLD_1_303,0.0006417762910109204,98,278.0109689235687
28,item_id_FOODS_3_501,0.0006044547214152374,99,278.0109689235687
28,snap_active,0.0005663808414180238,100,278.0109689235687
28,item_id_HOBBIES_1_254,0.0005394378298557712,101,278.0109689235687
28,has_event_1,0.0004890811559983277,102,278.0109689235687
28,item_id_HOBBIES_1_268,0.00044202226316336635,103,278.0109689235687
28,item_id_HOBBIES_1_256,0.0003670597229978867,104,278.0109689235687
28,dayofmonth,0.00027462365152430834,105,278.0109689235687
28,item_id_FOODS_3_150,0.0002303859282459797,106,278.0109689235687
28,item_id_FOODS_3_245,0.00020475922093954324,107,278.0109689235687
28,item_id_FOODS_3_099,0.00018692383645202426,108,278.0109689235687
28,item_id_FOODS_3_498,0.00016963536513969757,109,278.0109689235687
28,item_id_HOBBIES_1_295,0.00015699893293685818,110,278.0109689235687
28,item_id_HOBBIES_1_371,0.00013658574101871324,111,278.0109689235687
28,item_id_FOODS_3_007,0.0,112,278.0109689235687
28,item_id_FOODS_3_234,0.0,113,278.0109689235687
28,has_any_event,0.0,114,278.0109689235687
28,has_event_2,0.0,115,278.0109689235687
28,item_id_FOODS_3_064,0.0,116,278.0109689235687
28,item_id_FOODS_3_435,0.0,117,278.0109689235687
28,item_id_FOODS_3_455,0.0,118,278.0109689235687
28,item_id_FOODS_3_319,0.0,119,278.0109689235687
28,item_id_FOODS_3_318,0.0,120,278.0109689235687
28,item_id_FOODS_3_547,0.0,121,278.0109689235687
28,item_id_FOODS_3_681,0.0,122,278.0109689235687
28,item_id_FOODS_3_702,0.0,123,278.0109689235687
28,item_id_FOODS_3_723,0.0,124,278.0109689235687
28,item_id_HOBBIES_1_048,0.0,125,278.0109689235687
28,item_id_HOBBIES_1_178,0.0,126,278.0109689235687
28,item_id_HOBBIES_1_370,0.0,127,278.0109689235687
28,event_type_1_National,0.0,128,278.0109689235687
28,event_type_1_Religious,0.0,129,278.0109689235687
28,event_type_1_Sporting,0.0,130,278.0109689235687
28,event_type_2_Cultural,0.0,131,278.0109689235687
28,event_type_2_NoEvent,0.0,132,278.0109689235687
